{
    "name": "root",
    "gauges": {
        "CollectGold.Policy.Entropy.mean": {
            "value": 1.4189385175704956,
            "min": 1.4189385175704956,
            "max": 1.4189385175704956,
            "count": 1
        },
        "CollectGold.Policy.Entropy.sum": {
            "value": 7345.8447265625,
            "min": 7345.8447265625,
            "max": 7345.8447265625,
            "count": 1
        },
        "CollectGold.Environment.EpisodeLength.mean": {
            "value": 72.28787878787878,
            "min": 72.28787878787878,
            "max": 72.28787878787878,
            "count": 1
        },
        "CollectGold.Environment.EpisodeLength.sum": {
            "value": 4771.0,
            "min": 4771.0,
            "max": 4771.0,
            "count": 1
        },
        "CollectGold.Step.mean": {
            "value": 4965.0,
            "min": 4965.0,
            "max": 4965.0,
            "count": 1
        },
        "CollectGold.Step.sum": {
            "value": 4965.0,
            "min": 4965.0,
            "max": 4965.0,
            "count": 1
        },
        "CollectGold.Policy.GailValueEstimate.mean": {
            "value": 3.8050503730773926,
            "min": 3.8050503730773926,
            "max": 3.8050503730773926,
            "count": 1
        },
        "CollectGold.Policy.GailValueEstimate.sum": {
            "value": 422.360595703125,
            "min": 422.360595703125,
            "max": 422.360595703125,
            "count": 1
        },
        "CollectGold.Environment.CumulativeReward.mean": {
            "value": -999983.6212121212,
            "min": -999983.6212121212,
            "max": -999983.6212121212,
            "count": 1
        },
        "CollectGold.Environment.CumulativeReward.sum": {
            "value": -65998919.0,
            "min": -65998919.0,
            "max": -65998919.0,
            "count": 1
        },
        "CollectGold.Policy.GailReward.mean": {
            "value": 60.76706679210518,
            "min": 60.76706679210518,
            "max": 60.76706679210518,
            "count": 1
        },
        "CollectGold.Policy.GailReward.sum": {
            "value": 4010.626408278942,
            "min": 4010.626408278942,
            "max": 4010.626408278942,
            "count": 1
        },
        "CollectGold.IsTraining.mean": {
            "value": 1.0,
            "min": 1.0,
            "max": 1.0,
            "count": 1
        },
        "CollectGold.IsTraining.sum": {
            "value": 1.0,
            "min": 1.0,
            "max": 1.0,
            "count": 1
        }
    },
    "metadata": {
        "timer_format_version": "0.1.0",
        "start_time_seconds": "1700475499",
        "python_version": "3.10.11 | packaged by Anaconda, Inc. | (main, May 16 2023, 00:55:32) [MSC v.1916 64 bit (AMD64)]",
        "command_line_arguments": "C:\\Users\\AnKhoa\\anaconda3\\envs\\mlagents\\Scripts\\mlagents-learn config\\GathererAgentExeTrainingPhase1.yaml",
        "mlagents_version": "1.1.0.dev0",
        "mlagents_envs_version": "1.1.0.dev0",
        "communication_protocol_version": "1.5.0",
        "pytorch_version": "1.13.1+cu117",
        "numpy_version": "1.23.5",
        "end_time_seconds": "1700475647"
    },
    "total": 148.25717200000145,
    "count": 1,
    "self": 10.083887500000856,
    "children": {
        "run_training.setup": {
            "total": 2.0982981999986805,
            "count": 1,
            "self": 2.0982981999986805
        },
        "TrainerController.start_learning": {
            "total": 136.0749863000019,
            "count": 1,
            "self": 0.14077989989891648,
            "children": {
                "TrainerController._reset_env": {
                    "total": 15.576379999998608,
                    "count": 1,
                    "self": 12.950151100001676,
                    "children": {
                        "demo_to_buffer": {
                            "total": 2.6262288999969314,
                            "count": 2,
                            "self": 0.00017010000010486692,
                            "children": {
                                "load_demonstration": {
                                    "total": 0.04412359999696491,
                                    "count": 2,
                                    "self": 0.04056089999721735,
                                    "children": {
                                        "read_file": {
                                            "total": 0.003562699999747565,
                                            "count": 2,
                                            "self": 0.003562699999747565
                                        }
                                    }
                                },
                                "make_demo_buffer": {
                                    "total": 2.5819351999998617,
                                    "count": 2,
                                    "self": 0.5204264998974395,
                                    "children": {
                                        "steps_from_proto": {
                                            "total": 2.061508700102422,
                                            "count": 11048,
                                            "self": 1.4785046001488809,
                                            "children": {
                                                "_process_rank_one_or_two_observation": {
                                                    "total": 0.5830040999535413,
                                                    "count": 22096,
                                                    "self": 0.5830040999535413
                                                }
                                            }
                                        }
                                    }
                                }
                            }
                        }
                    }
                },
                "TrainerController.advance": {
                    "total": 120.02402950010219,
                    "count": 903,
                    "self": 0.03709650014570798,
                    "children": {
                        "env_step": {
                            "total": 119.98693299995648,
                            "count": 903,
                            "self": 80.21647249977832,
                            "children": {
                                "SubprocessEnvManager._take_step": {
                                    "total": 39.6047994001965,
                                    "count": 6264,
                                    "self": 1.1256938001934031,
                                    "children": {
                                        "TorchPolicy.evaluate": {
                                            "total": 38.479105600003095,
                                            "count": 6205,
                                            "self": 38.479105600003095
                                        }
                                    }
                                },
                                "workers": {
                                    "total": 0.16566109998166212,
                                    "count": 902,
                                    "self": 0.0,
                                    "children": {
                                        "worker_root": {
                                            "total": 989.214367400029,
                                            "count": 6261,
                                            "is_parallel": true,
                                            "self": 960.1802547000625,
                                            "children": {
                                                "steps_from_proto": {
                                                    "total": 0.01453350000156206,