{
    "name": "root",
    "gauges": {
        "CollectGold.Policy.Entropy.mean": {
            "value": 1.4552198648452759,
            "min": 1.4189382791519165,
            "max": 1.455803394317627,
            "count": 50
        },
        "CollectGold.Policy.Entropy.sum": {
            "value": 14539.1015625,
            "min": 14029.7646484375,
            "max": 14850.802734375,
            "count": 50
        },
        "CollectGold.Environment.EpisodeLength.mean": {
            "value": 153.29508196721312,
            "min": 67.86713286713287,
            "max": 177.875,
            "count": 50
        },
        "CollectGold.Environment.EpisodeLength.sum": {
            "value": 9351.0,
            "min": 8992.0,
            "max": 10503.0,
            "count": 50
        },
        "CollectGold.Step.mean": {
            "value": 499981.0,
            "min": 9996.0,
            "max": 499981.0,
            "count": 50
        },
        "CollectGold.Step.sum": {
            "value": 499981.0,
            "min": 9996.0,
            "max": 499981.0,
            "count": 50
        },
        "CollectGold.Policy.ExtrinsicValueEstimate.mean": {
            "value": -7.676492691040039,
            "min": -27.194578170776367,
            "max": -0.24184340238571167,
            "count": 50
        },
        "CollectGold.Policy.ExtrinsicValueEstimate.sum": {
            "value": -1535.298583984375,
            "min": -5581.7509765625,
            "max": -54.89845275878906,
            "count": 50
        },
        "CollectGold.Policy.GailValueEstimate.mean": {
            "value": 2.2177772521972656,
            "min": -0.07889918982982635,
            "max": 4.431015968322754,
            "count": 50
        },
        "CollectGold.Policy.GailValueEstimate.sum": {
            "value": 443.5554504394531,
            "min": -17.91011619567871,
            "max": 917.2203369140625,
            "count": 50
        },
        "CollectGold.Environment.CumulativeReward.mean": {
            "value": -6.557377049180328,
            "min": -91.17605633802818,
            "max": 12.678571428571429,
            "count": 50
        },
        "CollectGold.Environment.CumulativeReward.sum": {
            "value": -400.0,
            "min": -12947.0,
            "max": 710.0,
            "count": 50
        },
        "CollectGold.Policy.ExtrinsicReward.mean": {
            "value": -6.557377049180328,
            "min": -91.17605633802818,
            "max": 12.678571428571429,
            "count": 50
        },
        "CollectGold.Policy.ExtrinsicReward.sum": {
            "value": -400.0,
            "min": -12947.0,
            "max": 710.0,
            "count": 50
        },
        "CollectGold.Policy.GailReward.mean": {
            "value": 4.296202562627245,
            "min": 2.518259600476505,
            "max": 24.481182190314144,
            "count": 50
        },
        "CollectGold.Policy.GailReward.sum": {
            "value": 262.06835632026196,
            "min": 213.5475921779871,
            "max": 3476.3278710246086,
            "count": 50
        },
        "CollectGold.IsTraining.mean": {
            "value": 1.0,
            "min": 1.0,
            "max": 1.0,
            "count": 50
        },
        "CollectGold.IsTraining.sum": {
            "value": 1.0,
            "min": 1.0,
            "max": 1.0,
            "count": 50
        },
        "CollectGold.Losses.PolicyLoss.mean": {
            "value": 0.018066403409466147,
            "min": 0.016089940754075844,
            "max": 0.029996357990118364,
            "count": 48
        },
        "CollectGold.Losses.PolicyLoss.sum": {
            "value": 0.018066403409466147,
            "min": 0.016089940754075844,
            "max": 0.029996357990118364,
            "count": 48
        },
        "CollectGold.Losses.ValueLoss.mean": {
            "value": 104.00781275431315,
            "min": 61.56166051228841,
            "max": 444.17994384765626,
            "count": 48
        },
        "CollectGold.Losses.ValueLoss.sum": {
            "value": 104.00781275431315,
            "min": 61.56166051228841,
            "max": 444.17994384765626,
            "count": 48
        },
        "CollectGold.Policy.LearningRate.mean": {
            "value": 3.960098679999997e-06,
            "min": 3.960098679999997e-06,
            "max": 0.00029384400205200004,
            "count": 48
        },
        "CollectGold.Policy.LearningRate.sum": {
            "value": 3.960098679999997e-06,
            "min": 3.960098679999997e-06,
            "max": 0.00029384400205200004,
            "count": 48
        },
        "CollectGold.Policy.Epsilon.mean": {
            "value": 0.10131999999999998,
            "min": 0.10131999999999998,
            "max": 0.19794800000000007,
            "count": 48
        },
        "CollectGold.Policy.Epsilon.sum": {
            "value": 0.10131999999999998,
            "min": 0.10131999999999998,
            "max": 0.19794800000000007,
            "count": 48
        },
        "CollectGold.Policy.Beta.mean": {
            "value": 7.586799999999993e-05,
            "min": 7.586799999999993e-05,
            "max": 0.0048976051999999985,
            "count": 48
        },
        "CollectGold.Policy.Beta.sum": {
            "value": 7.586799999999993e-05,
            "min": 7.586799999999993e-05,
            "max": 0.0048976051999999985,
            "count": 48
        },
        "CollectGold.Policy.GAILPolicyEstimate.mean": {
            "value": 0.04412997948626677,
            "min": 0.04412997948626677,
            "max": 0.17621621638536453,
            "count": 48
        },
        "CollectGold.Policy.GAILPolicyEstimate.sum": {
            "value": 0.04412997948626677,
            "min": 0.04412997948626677,
            "max": 0.17621621638536453,
            "count": 48
        },
        "CollectGold.Policy.GAILExpertEstimate.mean": {
            "value": 0.9505222062269847,
            "min": 0.8949001133441925,
            "max": 0.9632084310054779,
            "count": 48
        },
        "CollectGold.Policy.GAILExpertEstimate.sum": {
            "value": 0.9505222062269847,
            "min": 0.8949001133441925,
            "max": 0.9632084310054779,
            "count": 48
        },
        "CollectGold.Losses.GAILLoss.mean": {
            "value": 0.09617793361345926,
            "min": 0.09617793361345926,
            "max": 0.28433324992656706,
            "count": 48
        },
        "CollectGold.Losses.GAILLoss.sum": {
            "value": 0.09617793361345926,
            "min": 0.09617793361345926,
            "max": 0.28433324992656706,
            "count": 48
        },
        "CollectGold.Policy.GAILGradMagLoss.mean": {
            "value": 0.7269249180952708,
            "min": 0.7269249180952708,
            "max": 9.116269079844157,
            "count": 48
        },
        "CollectGold.Policy.GAILGradMagLoss.sum": {
            "value": 0.7269249180952708,
            "min": 0.7269249180952708,
            "max": 9.116269079844157,
            "count": 48
        },
        "CollectGold.Losses.PretrainingLoss.mean": {
            "value": 0.0,
            "min": 0.0,
            "max": 1.8533704148398504,
            "count": 48
        },
        "CollectGold.Losses.PretrainingLoss.sum": {
            "value": 0.0,
            "min": 0.0,
            "max": 1.8533704148398504,
            "count": 48
        }
    },
    "metadata": {
        "timer_format_version": "0.1.0",
        "start_time_seconds": "1701306083",
        "python_version": "3.10.11 | packaged by Anaconda, Inc. | (main, May 16 2023, 00:55:32) [MSC v.1916 64 bit (AMD64)]",
        "command_line_arguments": "C:\\Users\\AnKhoa\\anaconda3\\envs\\mlagents\\Scripts\\mlagents-learn config\\GathererAgentExeTraining.yaml",
        "mlagents_version": "1.1.0.dev0",
        "mlagents_envs_version": "1.1.0.dev0",