{
    "name": "root",
    "metadata": {
        "timer_format_version": "0.1.0",
        "start_time_seconds": "1700446535",
        "python_version": "3.10.11 | packaged by Anaconda, Inc. | (main, May 16 2023, 00:55:32) [MSC v.1916 64 bit (AMD64)]",
        "command_line_arguments": "C:\\Users\\AnKhoa\\anaconda3\\envs\\mlagents\\Scripts\\mlagents-learn config\\GathererAgentExeTraining.yaml",
        "mlagents_version": "1.1.0.dev0",
        "mlagents_envs_version": "1.1.0.dev0",
        "communication_protocol_version": "1.5.0",
        "pytorch_version": "1.13.1+cu117",
        "numpy_version": "1.23.5",
        "end_time_seconds": "1700449376"
    },
    "total": 2840.3381109,
    "count": 1,
    "self": 8.132138600000417,
    "children": {
        "run_training.setup": {
            "total": 4.989193200000045,
            "count": 1,
            "self": 4.989193200000045
        },
        "TrainerController.start_learning": {
            "total": 2827.2167790999997,
            "count": 1,
            "self": 0.27143669999941267,
            "children": {
                "TrainerController._reset_env": {
                    "total": 22.95825419999983,
                    "count": 1,
                    "self": 21.27004590000024,
                    "children": {
                        "demo_to_buffer": {
                            "total": 1.6882082999995873,
                            "count": 2,
                            "self": 0.0001711999993858626,
                            "children": {
                                "load_demonstration": {
                                    "total": 0.02514259999998103,
                                    "count": 2,
                                    "self": 0.023390400000153022,
                                    "children": {
                                        "read_file": {
                                            "total": 0.001752199999828008,
                                            "count": 2,
                                            "self": 0.001752199999828008
                                        }
                                    }
                                },
                                "make_demo_buffer": {
                                    "total": 1.6628945000002204,
                                    "count": 2,
                                    "self": 0.33344030001489955,
                                    "children": {
                                        "steps_from_proto": {
                                            "total": 1.3294541999853209,
                                            "count": 7256,
                                            "self": 0.9513063999866063,
                                            "children": {
                                                "_process_rank_one_or_two_observation": {
                                                    "total": 0.3781477999987146,
                                                    "count": 14512,
                                                    "self": 0.3781477999987146
                                                }
                                            }
                                        }
                                    }
                                }
                            }
                        }
                    }
                },
                "TrainerController.advance": {
                    "total": 120.02635610000016,
                    "count": 6990,
                    "self": 0.2612367999950038,
                    "children": {
                        "env_step": {
                            "total": 118.3013247999761,
                            "count": 6990,
                            "self": 94.55484080001042,
                            "children": {
                                "SubprocessEnvManager._take_step": {
                                    "total": 23.565343299975666,
                                    "count": 7046,
                                    "self": 0.719645699992725,
                                    "children": {
                                        "TorchPolicy.evaluate": {
                                            "total": 22.84569759998294,
                                            "count": 7020,
                                            "self": 22.84569759998294
                                        }
                                    }
                                },
                                "workers": {
                                    "total": 0.18114069999001003,
                                    "count": 6989,
                                    "self": 0.0,
                                    "children": {
                                        "worker_root": {
                                            "total": 146.5757746000204,
                                            "count": 7030,
                                            "is_parallel": true,
                                            "self": 123.43624729999328,
                                            "children": {
                                                "steps_from_proto": {
                                                    "total": 0.014050100000531529,
                                                    "count": 16,
                                                    "is_parallel": true,
                                                    "self": 0.008266200001799007,
                                                    "children": {
                                                        "_process_rank_one_or_two_observation": {
                                                            "total": 0.005783899998732522,
                                                            "count": 32,
                                                            "is_parallel": true,
                                                            "self": 0.005783899998732522
                                                        }
                                                    }
                                                },
                                                "UnityEnvironment.step": {
                                                    "total": 23.12547720002658,
                                                    "count": 7030,
                                                    "is_parallel": true,
                                                    "self": 0.9986043999888352,
                                                    "children": {
                                                        "UnityEnvironment._generate_step_input": {
                                                            "total": 0.9134422000220184,
                                                            "count": 7030,
                                                            "is_parallel": true,
                                                            "self": 0.9134422000220184
                                                        },
                                                        "communicator.exchange": {
                                                            "total": 18.188662200017916,
                                                            "count": 7030,
                                                            "is_parallel": true,
                                                            "self": 18.188662200017916
                                                        },
                                                        "steps_from_proto": {
                                                            "total": 3.0247683999978108,
                                                            "count": 7030,
                                                            "is_parallel": true,