{
    "name": "root",
    "gauges": {
        "CollectGold.Policy.Entropy.mean": {
            "value": 1.439168930053711,
            "min": 1.4174126386642456,
            "max": 1.4413317441940308,
            "count": 46
        },
        "CollectGold.Policy.Entropy.sum": {
            "value": 14380.17578125,
            "min": 14042.306640625,
            "max": 14639.1865234375,
            "count": 46
        },
        "CollectGold.Environment.EpisodeLength.mean": {
            "value": 165.16949152542372,
            "min": 100.8659793814433,
            "max": 187.92307692307693,
            "count": 46
        },
        "CollectGold.Environment.EpisodeLength.sum": {
            "value": 9745.0,
            "min": 9384.0,
            "max": 10593.0,
            "count": 46
        },
        "CollectGold.Step.mean": {
            "value": 459943.0,
            "min": 9999.0,
            "max": 459943.0,
            "count": 46
        },
        "CollectGold.Step.sum": {
            "value": 459943.0,
            "min": 9999.0,
            "max": 459943.0,
            "count": 46
        },
        "CollectGold.Policy.ExtrinsicValueEstimate.mean": {
            "value": -1748.723876953125,
            "min": -1748.723876953125,
            "max": 2.2528040409088135,
            "count": 46
        },
        "CollectGold.Policy.ExtrinsicValueEstimate.sum": {
            "value": -351493.5,
            "min": -351493.5,
            "max": 457.3192443847656,
            "count": 46
        },
        "CollectGold.Policy.GailValueEstimate.mean": {
            "value": 0.6051242351531982,
            "min": 0.5713341236114502,
            "max": 3.8233227729797363,
            "count": 46
        },
        "CollectGold.Policy.GailValueEstimate.sum": {
            "value": 121.62997436523438,
            "min": 112.55281829833984,
            "max": 776.134521484375,
            "count": 46
        },
        "CollectGold.Environment.CumulativeReward.mean": {
            "value": -288106.10169491527,
            "min": -958321.21875,
            "max": -153809.8076923077,
            "count": 46
        },
        "CollectGold.Environment.CumulativeReward.sum": {
            "value": -16998260.0,
            "min": -91998837.0,
            "max": -7998110.0,
            "count": 46
        },
        "CollectGold.Policy.ExtrinsicReward.mean": {
            "value": -288106.10169491527,
            "min": -958321.21875,
            "max": -153809.8076923077,
            "count": 46
        },
        "CollectGold.Policy.ExtrinsicReward.sum": {
            "value": -16998260.0,
            "min": -91998837.0,
            "max": -7998110.0,
            "count": 46
        },
        "CollectGold.Policy.GailReward.mean": {
            "value": 1.1517988209754735,
            "min": 0.719358462165585,
            "max": 1.3095146106699338,
            "count": 46
        },
        "CollectGold.Policy.GailReward.sum": {
            "value": 67.95613043755293,
            "min": 65.44686138816178,
            "max": 76.70393153559417,
            "count": 46
        },
        "CollectGold.IsTraining.mean": {
            "value": 1.0,
            "min": 1.0,
            "max": 1.0,
            "count": 46
        },
        "CollectGold.IsTraining.sum": {
            "value": 1.0,
            "min": 1.0,
            "max": 1.0,
            "count": 46
        },
        "CollectGold.Losses.PolicyLoss.mean": {
            "value": 0.025093893326508503,
            "min": 0.01542277606204152,
            "max": 0.031791587724971274,
            "count": 44
        },
        "CollectGold.Losses.PolicyLoss.sum": {
            "value": 0.025093893326508503,
            "min": 0.01542277606204152,
            "max": 0.031791587724971274,
            "count": 44
        },
        "CollectGold.Losses.ValueLoss.mean": {
            "value": 7433263530.666667,
            "min": 3029637256.5333333,
            "max": 35239045939.2,
            "count": 44
        },
        "CollectGold.Losses.ValueLoss.sum": {
            "value": 7433263530.666667,
            "min": 3029637256.5333333,
            "max": 35239045939.2,
            "count": 44
        },
        "CollectGold.Policy.LearningRate.mean": {
            "value": 2.8836090387999995e-05,
            "min": 2.8836090387999995e-05,
            "max": 0.00029381880206040003,
            "count": 44
        },
        "CollectGold.Policy.LearningRate.sum": {
            "value": 2.8836090387999995e-05,
            "min": 2.8836090387999995e-05,
            "max": 0.00029381880206040003,
            "count": 44
        },
        "CollectGold.Policy.Epsilon.mean": {
            "value": 0.10961199999999997,
            "min": 0.10961199999999997,
            "max": 0.19793959999999997,
            "count": 44
        },
        "CollectGold.Policy.Epsilon.sum": {
            "value": 0.10961199999999997,
            "min": 0.10961199999999997,
            "max": 0.19793959999999997,
            "count": 44
        },
        "CollectGold.Policy.Beta.mean": {
            "value": 0.0004896388000000002,
            "min": 0.0004896388000000002,
            "max": 0.00489718604,
            "count": 44
        },
        "CollectGold.Policy.Beta.sum": {
            "value": 0.0004896388000000002,
            "min": 0.0004896388000000002,
            "max": 0.00489718604,
            "count": 44
        },
        "CollectGold.Policy.GAILPolicyEstimate.mean": {
            "value": 0.5,
            "min": 0.49953527450561525,
            "max": 0.5061908096075058,
            "count": 44
        },
        "CollectGold.Policy.GAILPolicyEstimate.sum": {
            "value": 0.5,
            "min": 0.49953527450561525,
            "max": 0.5061908096075058,
            "count": 44
        },
        "CollectGold.Policy.GAILExpertEstimate.mean": {
            "value": 0.5,
            "min": 0.49953527450561525,
            "max": 0.5061908096075058,
            "count": 44
        },
        "CollectGold.Policy.GAILExpertEstimate.sum": {
            "value": 0.5,
            "min": 0.49953527450561525,
            "max": 0.5061908096075058,
            "count": 44
        },
        "CollectGold.Losses.GAILLoss.mean": {
            "value": 1.3862935304641724,
            "min": 1.3862935304641724,
            "max": 1.3869869192441304,
            "count": 44
        },
        "CollectGold.Losses.GAILLoss.sum": {
            "value": 1.3862935304641724,
            "min": 1.3862935304641724,
            "max": 1.3869869192441304,
            "count": 44
        },
        "CollectGold.Policy.GAILGradMagLoss.mean": {
            "value": 0.0,
            "min": 0.0,
            "max": 8.179221534729004,
            "count": 44
        },
        "CollectGold.Policy.GAILGradMagLoss.sum": {
            "value": 0.0,
            "min": 0.0,
            "max": 8.179221534729004,
            "count": 44
        },
        "CollectGold.Losses.PretrainingLoss.mean": {
            "value": 0.0,
            "min": 0.0,
            "max": 1.3370730479558308,
            "count": 44
        },
        "CollectGold.Losses.PretrainingLoss.sum": {
            "value": 0.0,
            "min": 0.0,
            "max": 1.3370730479558308,
            "count": 44
        }
    },
    "metadata": {
        "timer_format_version": "0.1.0",
        "start_time_seconds": "1700476267",
        "python_version": "3.10.11 | packaged by Anaconda, Inc. | (main, May 16 2023, 00:55:32) [MSC v.1916 64 bit (AMD64)]",
        "command_line_arguments": "C:\\Users\\AnKhoa\\anaconda3\\envs\\mlagents\\Scripts\\mlagents-learn config\\GathererAgentExeTraining.yaml",
        "mlagents_version": "1.1.0.dev0",
        "mlagents_envs_version": "1.1.0.dev0",
        "communication_protocol_version": "1.5.0",
        "pytorch_version": "1.13.1+cu117",
        "numpy_version": "1.23.5",
        "end_time_seconds": "1700515094"
    },